Pressure (Bars),Correction Factor
10,0.99944
11,0.99952
12,0.99960
13,0.99968
14,0.99976
15,0.99984
16,0.99992
17,1.00000
18,1.00008
19,1.00016
20,1.00024
21,1.00032
22,1.00040
23,1.00048
24,1.00056
