Pressure_Bar,Correction_Factor
10,0.99942594
11,0.99952426
12,0.99960355
13,0.99968284
14,0.99976213
15,0.99984142
16,0.99992071
17,1.00000000
18,1.00007929
19,1.00015858
20,1.00023787
21,1.00031716
22,1.00039645
23,1.00047574
24,1.00055503
