Temperature_C,SCF
15,0.999890
16,0.999912
17,0.999934
18,0.999956
19,0.999978
20,1.000000
21,1.000022
22,1.000044
23,1.000066
24,1.000088
