Temperature °C,Correction Factor
15,0.99890
16,0.99912
17,0.99934
18,0.99956
19,0.99978
20,1.00000
21,1.00022
22,1.00044
23,1.00066
24,1.00088
