Density,Thermal_Factor
0.500,0.003252
0.510,0.003045
0.520,0.002844
0.530,0.002800
0.540,0.002635
0.550,0.002431
0.560,0.002400
0.570,0.002229
0.580,0.002200
0.590,0.002020
